1,2,3,4,5,6,7,8,9,10,11,12,13,14,15,16,17,18,19,20,21,22,23,24,25,26,27,28,29,30,31,32,33,34
cbsa,shortname,cbsa_name,overlap_pop,spl_pop,overlap_index,bh_wa_diss,bh_w_diss,black_diss_index,black_xpx,hisp_pop2000,hisp_diss_index,hisp_xpx,loans_count,loans_amt,subprime_count,subprime_amt,,lnfcrate,pop2000,black_pop2000,popest2008,pcollege,lnpop2008,pblack2000,lnmedhhinc,phisp2000,region,mw,south,west,ratio_boom_hist,psubprime0406,ratio_hs_hu2000
10420,Akron,"Akron, OH",60475,142464,0.424493205,0.628004,0.6308512,0.647,0.475,5874,0.257,0.018,27520,3106397,8281,758726,,1.811654,694960,80816,698553,0.2774799,13.45677,0.1162887,10.76503,0.0084523,Midwest,1,0,0,1.448473,0.2641836,0.0724168
10580,Albany,"Albany-Schenectady-Troy, NY",30531,149670,0.203988775,0.5439337,0.5471383,0.605,0.353,20365,0.379,0.079,31699,4167710,8657,964274,,-0.074441,825875,58423,853919,0.3161598,13.65759,0.0707407,10.91062,0.0246587,Northeast,0,0,0,4.451152,0.2271849,0.0548225
10740,Albuquerque,"Albuquerque, NM",120428,165557,0.727411103,0.3867294,0.3869269,0.309,0.112,302656,0.398,0.575,51527,7382512,13483,1657104,,0.6996301,729649,22334,845913,0.291593,13.64817,0.0306092,10.72841,0.4147967,West,0,0,1,2.733598,0.2310848,0.1525689
10900,Allentown,"Allentown-Bethlehem-Easton, PA-NJ",33309,100390,0.331795996,0.5724563,0.5753329,0.519,0.136,54358,0.6,0.313,45147,6025979,10261,1323240,,-0.2578407,740395,24661,808210,0.2507805,13.60258,0.0333079,10.90449,0.0734176,Northeast,0,0,0,4.711483,0.1897756,0.1042809
12060,Atlanta,"Atlanta-Sandy Springs-Marietta, GA",806494,870174,0.926819234,0.5912409,0.6010622,0.638,0.66,270407,0.516,0.295,312405,47974742,96489,11737464,,1.992927,4247981,1244328,5376285,0.3346319,15.49751,0.2929222,10.95618,0.0636554,South,0,1,0,2.045853,0.2824952,0.2900631
12420,Austin,"Austin-Round Rock, TX",59333,85645,0.692778329,0.4585437,0.4606181,0.508,0.358,327760,0.456,0.478,73574,10778393,14705,1686049,,1.003835,1249763,105909,1652602,0.3821907,14.31786,0.0847433,10.91194,0.2622577,South,0,1,0,1.659715,0.1827342,0.2699859
12540,Bakersfield,"Bakersfield, CA",31979,80814,0.395711139,0.5041375,0.5221905,0.497,0.321,254036,0.538,0.642,52088,9799143,20994,3530787,,2.291811,661645,43735,800458,0.1438721,13.59294,0.0661004,10.70594,0.3839461,West,0,0,1,12.08147,0.3473825,0.1662236
12580,Baltimore,"Baltimore-Towson, MD",329487,682517,0.482752811,0.6497003,0.6546324,0.675,0.68,51329,0.358,0.075,166324,32751488,52214,8553782,,0.6485071,2552994,718236,2667117,0.3301999,14.79651,0.2813309,11.04331,0.0201054,South,0,1,0,6.187268,0.2535842,0.0702636
12940,Baton Rouge,"Baton Rouge, LA",106539,129123,0.825097001,0.5792686,0.5820695,0.6,0.637,11582,0.303,0.046,31007,3866759,10154,991694,,0.2437927,705973,242983,774327,0.2435176,13.55975,0.3441817,10.69881,0.0164057,South,0,1,0,2.553029,0.2969122,0.1257811
13644,Bethesda,"Bethesda-Frederick-Gaithersburg, MD Metropolitan Division",58084,301216,0.192831722,0.4236816,0.4546479,0.465,0.352,105268,0.465,0.297,68447,18902978,17024,3983102,,0.7410092,1068618,156112,1176401,0.5219847,13.97797,0.1460878,11.36815,0.0985085,South,0,1,0,6.806277,0.1869576,0.1050318
13820,Birmingham,"Birmingham-Hoover, AL",186435,236086,0.789691045,0.6589034,0.6609416,0.688,0.687,18567,0.445,0.091,47653,6255825,14935,1389590,,0.1915367,1052238,292829,1117608,0.2559802,13.9267,0.2782916,10.75079,0.0176452,South,0,1,0,2.292428,0.2885233,0.0722969
14484,Boston,"Boston-Quincy, MA Metropolitan Division",189724,383165,0.495149609,0.6639245,0.6776578,0.713,0.598,130558,0.648,0.415,83587,20588728,19157,4628942,,0.9851059,1812937,220159,1884659,0.3904734,14.44926,0.1214378,11.06068,0.0720146,Northeast,0,0,0,3.88123,0.170355,0.048486
14860,Bridgeport,"Bridgeport-Stamford-Norwalk, CT",110596,149729,0.738641145,0.6410633,0.6503937,0.687,0.495,104835,0.615,0.44,39544,13838257,9253,2342653,,0.9468307,882567,95831,895030,0.425778,13.70461,0.1085821,11.26898,0.1187842,Northeast,0,0,0,4.432084,0.1860248,0.0483182
15380,Buffalo,"Buffalo-Cheektowaga-Tonawanda, NY",123293,209539,0.588401205,0.7261729,0.7288625,0.766,0.634,33967,0.562,0.237,27620,2568251,6706,506704,,0.3092978,1170111,143805,1124309,0.2606521,13.93268,0.1228986,10.70878,0.0290289,Northeast,0,0,0,2.062337,0.219455,0.036128
15764,Cambridge,"Cambridge-Newton-Framingham, MA Metropolitan Division",0,254202,0,0.4543704,0.4713849,0.475,0.143,66707,0.472,0.158,58977,14607294,10166,2357663,,0.6606278,1465396,58586,1482478,0.4757133,14.20923,0.0399796,11.21196,0.0455215,Northeast,0,0,0,3.004087,0.1287391,0.0438339
15804,Camden,"Camden, NJ Metropolitan Division",126230,153696,0.821296585,0.5582244,0.5626321,0.565,0.489,73381,0.564,0.446,71053,10911705,19038,2979477,,1.123375,1186999,189603,1250569,0.2881118,14.03911,0.1597331,11.08971,0.0618206,Northeast,0,0,0,4.973766,0.2273161,0.0806423
16700,Charleston,"Charleston-North Charleston, SC",15849,64684,0.245021953,0.4251975,0.4266158,0.439,0.494,13091,0.322,0.074,36982,7035645,9759,1295119,,0.595443,549033,171817,644506,0.2859608,13.37624,0.3129448,10.7855,0.0238437,South,0,1,0,3.790884,0.219669,0.2174973
16740,Charlotte,"Charlotte-Gastonia-Concord, NC-SC",114143,197685,0.577398386,0.5191564,0.5267591,0.539,0.513,68278,0.508,0.246,97800,14357799,25651,2741620,,1.242407,1330448,301338,1701799,0.3119643,14.3472,0.2264936,10.85325,0.0513196,South,0,1,0,1.330121,0.2424659,0.2722838
16974,Chicago,"Chicago-Naperville-Joliet, IL Metropolitan Division",1565957,1949664,0.803193268,0.6666189,0.6718546,0.802,0.787,1323868,0.612,0.557,424180,84711570,139587,23807698,,1.646642,7628412,1554233,7990248,0.3236716,15.89373,0.2037427,10.9789,0.1735444,Midwest,1,0,0,3.313709,0.2766089,0.0941104
17140,Cincinnati,"Cincinnati-Middletown, OH-KY-IN",132660,336006,0.394814378,0.6892205,0.6910758,0.725,0.557,22631,0.29,0.032,88901,11483887,22264,2353306,,1.392272,2009632,240500,2155137,0.2709262,14.58336,0.1196737,10.85757,0.0112613,Midwest,1,0,0,1.587151,0.2215499,0.1093034
17460,Cleveland,"Cleveland-Elyria-Mentor, OH",304921,431936,0.705940232,0.730045,0.7317302,0.769,0.726,72570,0.585,0.223,77079,9299038,22923,2264666,,1.987383,2148143,428114,2088291,0.2631813,14.55186,0.1992949,10.77059,0.0337827,Midwest,1,0,0,1.360349,0.2566234,0.0549841
17900,Columbia,"Columbia, SC",29624,29624,1,0.4643591,0.4663132,0.479,0.552,15608,0.349,0.086,28445,3687885,8272,801151,,0.4270355,647158,216113,728063,0.2936739,13.49814,0.3339416,10.75733,0.0241178,South,0,1,0,2.10814,0.270944,0.1633676
18140,Columbus,"Columbus, OH",133184,301382,0.44191093,0.5849787,0.5873921,0.621,0.492,28607,0.369,0.081,72465,9731134,19975,2060136,,1.672268,1612694,222479,1773120,0.3176216,14.38825,0.1379549,10.85296,0.0177386,Midwest,1,0,0,1.556238,0.239811,0.1485067
19124,Dallas,"Dallas-Plano-Irving, TX Metropolitan Division",620883,804213,0.772038005,0.5319707,0.5371057,0.587,0.545,805593,0.535,0.548,162594,23097479,47208,5162286,,1.57047,3451226,542371,4226003,0.3124313,15.25677,0.1571531,10.90007,0.2334223,South,0,1,0,1.582719,0.2716896,0.1892177
19380,Dayton,"Dayton, OH",108264,153489,0.705353478,0.6903963,0.690856,0.712,0.614,9811,0.259,0.032,30594,3242261,8533,727222,,1.67486,848153,128282,836544,0.2439439,13.63703,0.1512486,10.7418,0.0115675,Midwest,1,0,0,1.140722,0.2594039,0.0620248
19740,Denver,"Denver-Aurora, CO",299690,615165,0.487170109,0.4952778,0.5006311,0.608,0.363,399193,0.503,0.432,147107,25953981,37869,5259097,,2.058415,2157756,131666,2506626,0.3603643,14.73445,0.0610199,10.96887,0.1850038,West,0,0,1,1.702603,0.2252896,0.1709175
19804,Detroit,"Detroit-Livonia-Dearborn, MI Metropolitan Division",699079,729251,0.958626042,0.8168471,0.8216482,0.857,0.879,77207,0.545,0.355,80500,8350697,38682,3397653,,2.5182,2061162,886289,1949929,0.1941543,14.4833,0.4299948,10.67434,0.037458,Midwest,1,0,0,1.301704,0.4194706,0.0402168
20764,Edison,"Edison, NJ Metropolitan Division",111135,222247,0.500051744,0.5002168,0.5221151,0.576,0.345,191564,0.491,0.346,116927,27104049,25242,5907409,,1.04746,2173869,168054,2325224,0.3590863,14.65933,0.0773064,11.19908,0.0881212,Northeast,0,0,0,6.146823,0.1680304,0.0848685
21340,El Paso,"El Paso, TX",0,68485,0,0.4416197,0.4387269,0.333,0.246,531654,0.452,0.854,21073,1963698,7924,684934,,0.5211291,679622,23482,742062,0.1802894,13.51719,0.0345516,10.42478,0.782279,South,0,1,0,4.650308,0.3511842,0.1292227
22744,Fort Lauderdale,"Fort Lauderdale-Pompano Beach-Deerfield Beach, FL Metropolitan Division",209876,321728,0.652339865,0.4353199,0.4425662,0.608,0.599,271652,0.31,0.306,123338,27186315,51239,9796617,,2.281803,1623018,360611,1751234,0.2854633,14.37583,0.2221855,10.8439,0.1673746,South,0,1,0,10.97497,0.3244786,0.084773
23104,Fort Worth,"Fort Worth-Arlington, TX Metropolitan Division",233377,306336,0.761833412,0.4907921,0.5027058,0.592,0.454,312124,0.477,0.445,83055,9703017,24638,2330075,,1.541667,1710318,198489,2074003,0.2601094,14.54499,0.1160539,10.87593,0.1824947,South,0,1,0,1.596585,0.2852508,0.1782063
23420,Fresno,"Fresno, CA",117193,143386,0.817325262,0.4166484,0.462785,0.504,0.36,351636,0.469,0.667,46373,9213583,16480,2942670,,1.954194,799407,47153,909153,0.1880136,13.72027,0.058985,10.71395,0.439871,West,0,0,1,9.975275,0.298513,0.1298908
23844,Gary,"Gary, IN Metropolitan Division",118260,140250,0.843208556,0.6908199,0.6912811,0.844,0.801,67362,0.485,0.363,29303,3398253,10415,981085,,1.361838,675971,127344,702458,0.1944995,13.46234,0.1883868,10.82854,0.0996522,Midwest,1,0,0,1.97758,0.3066503,0.0728562
24660,Greensboro,"Greensboro-High Point, NC",56757,69253,0.819560163,0.4927462,0.5003965,0.535,0.531,27456,0.444,0.151,27717,3383080,7425,724745,,0.9965905,643430,152005,705684,0.2489717,13.46692,0.2362417,10.66404,0.0426713,South,0,1,0,1.364271,0.250346,0.1455439
24860,Greenville,"Greenville, SC",22811,57424,0.397238089,0.4314056,0.4297859,0.458,0.382,17514,0.371,0.085,24021,3036502,6219,573325,,0.4438189,559940,97119,624715,0.2557798,13.34505,0.1734454,10.68536,0.0312783,South,0,1,0,1.636461,0.2284398,0.1391753
25540,Hartford,"Hartford-West Hartford-East Hartford, CT",143936,210863,0.682604345,0.6365291,0.6404464,0.649,0.495,107490,0.634,0.452,54932,8494309,12377,1829431,,0.825771,1148618,120604,1190512,0.3305413,13.98989,0.1049992,11.08197,0.093582,Northeast,0,0,0,3.604024,0.2048471,0.058283
26180,Honolulu,"Honolulu, HI",0,59853,0,0.3249387,0.3045394,0.349,0.221,58729,0.328,0.347,34619,10856595,7974,2269434,,-0.2836211,876156,29764,905034,0.2996669,13.71573,0.0339711,11.07217,0.0670303,West,0,0,1,5.815784,0.1584217,0.063229
26420,Houston,"Houston-Baytown-Sugar Land, TX",928546,1037050,0.895372451,0.5334113,0.5550556,0.648,0.626,1353477,0.534,0.594,219815,27197377,74078,7478628,,1.347241,4715407,816367,5728143,0.2727567,15.5609,0.1731276,10.85292,0.2870329,South,0,1,0,2.423288,0.3165495,0.2013285
26900,Indianapolis,"Indianapolis, IN",148473,326474,0.45477741,0.6627492,0.6650416,0.709,0.563,41544,0.438,0.103,77581,9887966,22958,2212191,,1.884544,1525104,222999,1715459,0.2963324,14.35519,0.1462189,10.8706,0.0272401,Midwest,1,0,0,1.180825,0.266463,0.1816566
27260,Jacksonville,"Jacksonville, FL",126975,155744,0.815280203,0.4744882,0.478846,0.532,0.528,42541,0.266,0.073,86329,14149525,27116,3551720,,1.774303,1122750,247829,1313228,0.2559439,14.088,0.2207339,10.84484,0.03789,South,0,1,0,5.783984,0.2859485,0.2341053
28140,Kansas City,"Kansas City, MO-KS",209249,351487,0.595325005,0.619091,0.6216437,0.691,0.567,93893,0.455,0.227,100320,12786215,29322,2962238,,1.233603,1836038,239059,2002047,0.3123516,14.50968,0.1302037,10.88863,0.0511389,Midwest,1,0,0,2.093045,0.2735005,0.1344052
28940,Knoxville,"Knoxville, TN",17260,62580,0.275806967,0.5137312,0.515715,0.559,0.365,7744,0.254,0.022,30862,3794458,7543,782728,,0.7750916,616079,41474,691152,0.2706074,13.44612,0.0673193,10.70349,0.0125698,South,0,1,0,2.453477,0.2274425,0.1132361
29404,Lake,"Lake County-Kenosha County, IL-WI Metropolitan Division",108224,175756,0.615762762,0.5954984,0.5977351,0.65,0.391,103473,0.583,0.426,43895,9533587,11632,2016266,,1.395658,793933,56644,876918,0.3713405,13.68417,0.0713461,11.18001,0.1303296,Midwest,1,0,0,2.764242,0.2140128,0.1369576
29820,Las Vegas,"Las Vegas-Paradise, NV",252387,494832,0.510045834,0.4019108,0.4080845,0.388,0.297,302143,0.424,0.432,162971,35490990,58918,10860114,,2.669846,1375765,137477,1865746,0.2035419,14.43917,0.0999277,10.90226,0.2196182,West,0,0,1,7.770884,0.2828591,0.3997928
30780,Little Rock,"Little Rock-North Little Rock, AR",90341,95004,0.950917856,0.5850807,0.5859236,0.609,0.547,12646,0.347,0.065,24377,2840164,5789,555974,,1.175047,610518,130930,675069,0.2694763,13.42257,0.2144572,10.72665,0.0207136,South,0,1,0,2.071379,0.2259492,0.112706
31084,Los Angeles,"Los Angeles-Long Beach-Glendale, CA Metropolitan Division",2280838,2667997,0.854887768,0.5780366,0.6272956,0.664,0.652,4242213,0.631,0.781,421944,153552724,134399,40568230,,1.57089,9519338,999747,9862049,0.2761715,16.1042,0.1050227,10.871,0.4456416,West,0,0,1,7.849059,0.2401807,0.0416979
31140,Louisville,"Louisville, KY-IN",81786,210520,0.388495155,0.5950402,0.5968331,0.626,0.525,19506,0.342,0.053,50992,5849289,12965,1208757,,0.7220172,1161975,155784,1244696,0.2325366,14.0344,0.1340683,10.73846,0.0167869,South,0,1,0,1.609302,0.2320118,0.1132789
32580,McAllen,"McAllen-Edinburg-Pharr, TX",1,1,1,0.4080467,0.4039572,0.424,0.199,503100,0.395,0.904,13786,1321051,6638,578352,,0.1070117,569463,3327,726604,0.1499772,13.49614,0.0058423,10.25161,0.8834639,South,0,1,0,3.022583,0.4689989,0.2645398
32820,Memphis,"Memphis, TN-MS-AR",291691,291691,1,0.638494,0.6439154,0.657,0.737,28401,0.46,0.16,53907,6596925,19324,1931310,,1.934335,1205204,529002,1285732,0.2393436,14.06684,0.4389315,10.70313,0.0235653,South,0,1,0,1.358298,0.3550903,0.1434788
33124,Miami,"Miami-Miami Beach-Kendall, FL Metropolitan Division",1,1,1,0.4461454,0.4512751,0.694,0.782,1291737,0.439,0.791,158406,36166520,76315,14924501,,2.216313,2253362,487015,2398245,0.2573886,14.69025,0.2161282,10.64407,0.5732487,South,0,1,0,8.709714,0.383274,0.1349183
33340,Milwaukee,"Milwaukee-Waukesha-West Allis, WI",313925,356031,0.881735017,0.7305365,0.7386679,0.818,0.72,94511,0.595,0.396,68576,10306996,20375,2447744,,1.138269,1500741,245151,1549308,0.2971027,14.25332,0.1633533,10.85261,0.0629762,Midwest,1,0,0,2.916573,0.24356,0.0659056
33460,Minneapolis,"Minneapolis-St. Paul-Bloomington, MN-WI",98709,510849,0.193225395,0.5158572,0.5334184,0.576,0.313,99121,0.465,0.158,162350,28249324,42149,6566726,,0.9436903,2968806,184688,3229878,0.3654928,14.98796,0.0622095,11.06454,0.0333875,Midwest,1,0,0,3.671924,0.2082815,0.1498625
34980,Nashville,"Nashville-Davidson--Murfreesboro, TN",82411,162158,0.508214211,0.5468187,0.5504462,0.575,0.474,41177,0.46,0.123,77754,11208611,18113,2206796,,1.067512,1311789,200207,1550733,0.2820886,14.25424,0.1526213,10.81936,0.03139,South,0,1,0,1.910426,0.2268731,0.1762713
35004,Suffolk,"Suffolk County-Nassau County, NY Metropolitan Division",327721,562976,0.582122506,0.5763138,0.5817562,0.73,0.55,282693,0.469,0.34,113509,32359707,34420,9167126,,0.9634625,2753913,252581,2863849,0.3535398,14.86768,0.0917171,11.33975,0.1026514,Northeast,0,0,0,5.947809,0.2407794,0.0395323
35084,Newark,"Newark-Union, NJ-PA Metropolitan Division",578210,649360,0.890430578,0.7240021,0.7279171,0.8,0.778,272492,0.651,0.531,99600,24351545,29652,6749595,,1.41461,2098843,476311,2121076,0.3564082,14.56743,0.2269398,11.13114,0.1298296,Northeast,0,0,0,4.803666,0.2350385,0.056371
35300,New Haven,"New Haven-Milford, CT",142414,206069,0.691098613,0.6102534,0.6127087,0.656,0.484,83131,0.578,0.39,40370,6738441,11474,1774314,,1.146984,824008,100685,846101,0.3088473,13.64839,0.1221894,10.97726,0.1008862,Northeast,0,0,0,4.607871,0.2551111,0.0405251
35380,New Orleans,"New Orleans-Metairie-Kenner, LA",45338,70083,0.646918654,0.6255563,0.6367816,0.689,0.74,58415,0.356,0.147,39829,6064506,10056,1264426,,0.4441749,1316510,497952,1134029,0.2479866,13.94129,0.3782364,10.73208,0.0443711,South,0,1,0,3.147298,0.2429462,0.0653943
35644,New York,"New York-Wayne-White Plains, NY-NJ Metropolitan Division",2237935,2660459,0.841183796,0.675045,0.7070761,0.803,0.809,2819828,0.654,0.688,265668,89061812,75107,22535702,,0.3782027,11296377,2661694,11696649,0.3389922,16.27481,0.2356237,10.8711,0.2496223,Northeast,0,0,0,5.368575,0.2229144,0.0396367
36084,Oakland,"Oakland-Fremont-Hayward, CA Metropolitan Division",362179,647241,0.559573636,0.4709391,0.5157884,0.618,0.563,441686,0.469,0.486,146609,55925669,36598,11826787,,1.923663,2392557,331363,2504071,0.3833428,14.73343,0.1384974,11.16345,0.1846084,West,0,0,1,5.952089,0.177094,0.0761101
36420,Oklahoma City,"Oklahoma City, OK",61579,169713,0.362841974,0.4805216,0.4840718,0.536,0.413,73253,0.441,0.232,51648,5434610,13856,1104938,,0.9894372,1095421,123667,1206142,0.2685495,14.00294,0.1128945,10.684,0.066872,South,0,1,0,2.371249,0.2652962,0.1074938
36540,Omaha,"Omaha-Council Bluffs, NE-IA",69538,141129,0.492726513,0.5629207,0.5651047,0.65,0.452,40232,0.489,0.215,37974,4138253,8935,788822,,0.7785557,767041,64241,837925,0.316957,13.63868,0.0837517,10.87642,0.0524509,Midwest,1,0,0,1.648353,0.2260809,0.1422447
36740,Orlando,"Orlando, FL",243389,336258,0.723816236,0.4230166,0.4287637,0.541,0.458,271627,0.387,0.331,158795,30094146,58642,9694720,,2.104837,1644561,245054,2054574,0.2739029,14.53558,0.1490088,10.81555,0.1651669,South,0,1,0,6.73957,0.3017046,0.2918664
37100,Ventura,"Oxnard-Thousand Oaks-Ventura, CA",131534,144356,0.911177921,0.5361805,0.5548859,0.458,0.13,251734,0.561,0.609,41741,16228236,8206,2765966,,1.66283,753197,18240,797740,0.3013324,13.58954,0.0242168,11.198,0.3342206,West,0,0,1,6.964532,0.1491792,0.0897727
37764,Essex,"Essex County, MA Metropolitan Division",,,#DIV/0!,0.6777565,0.6868108,0.605,0.194,79871,0.706,0.496,0,0,0,0,,1.17301,723419,24264,736457,0.3533703,13.50961,0.0335407,11.02687,0.1104077,Northeast,0,0,0,3.380866,0.1782743,0.0517942
37964,Philadelphia,"Philadelphia, PA Metropolitan Division",821659,1089584,0.754103401,0.7229819,0.7331867,0.762,0.733,182727,0.618,0.426,178487,27775023,40208,5116340,,0.7803421,3849647,866114,3892194,0.3256326,15.17448,0.2249853,10.90717,0.0474659,Northeast,0,0,0,4.790148,0.1796333,0.0513467
38060,Phoenix,"Phoenix-Mesa-Scottsdale, AZ",555165,731571,0.758866877,0.5086229,0.509873,0.433,0.197,817012,0.521,0.511,354840,72559466,121133,20422254,,2.152276,3251876,137766,4281899,0.2653259,15.26991,0.0423651,10.87535,0.2512433,West,0,0,1,6.230684,0.2765982,0.2683141
38300,Pittsburgh,"Pittsburgh, PA",104491,308111,0.339134273,0.6435756,0.6452776,0.673,0.482,17408,0.29,0.02,81705,7783919,19710,1618717,,0.5842116,2431087,202891,2351192,0.2722488,14.67043,0.0834569,10.71028,0.0071606,Northeast,0,0,0,2.147501,0.2085135,0.0424201
38900,Portland,"Portland-Vancouver-Beaverton, OR-WA",0,306477,0,0.3582452,0.3617773,0.464,0.19,142842,0.342,0.157,126703,24360656,30956,5076647,,0.8299981,1927881,64533,2207462,0.3189498,14.60735,0.0334735,10.89553,0.0740927,West,0,0,1,3.258902,0.2108534,0.1291399
39100,Poughkeepsie,"Poughkeepsie-Newburgh-Middletown, NY",38537,94282,0.40874186,0.4468796,0.4487951,0.508,0.325,57798,0.391,0.248,26755,5057295,7352,1400171,,0.5091133,621517,59415,672525,0.2809191,13.41879,0.0955967,11.10309,0.092995,Northeast,0,0,0,5.341895,0.2256475,0.0874904
39300,Providence,"Providence-New Bedford-Fall River, RI-MA",112944,312583,0.361324832,0.6042186,0.6106736,0.566,0.251,110062,0.645,0.387,79834,14201075,20621,3799613,,0.2703177,1582997,73160,1596611,0.2738814,14.28339,0.0462161,10.89792,0.0695276,Northeast,0,0,0,5.806064,0.2158501,0.0450463
39580,Raleigh,"Raleigh-Cary, NC",58612,105473,0.5557062,0.3799539,0.3799531,0.404,0.406,45525,0.349,0.166,56930,8765516,11897,1381445,,0.8979318,797071,161329,1088765,0.4031086,13.90055,0.2024023,10.96775,0.0571154,South,0,1,0,1.315192,0.1857023,0.3012977
40060,Richmond,"Richmond, VA",179659,241204,0.74484254,0.5193785,0.5210179,0.532,0.578,24281,0.398,0.107,72852,11442662,21683,2808301,,0.2453576,1096957,340076,1225626,0.3018856,14.01896,0.3100176,10.93804,0.0221349,South,0,1,0,4.256549,0.2516589,0.1356863
40140,Riverside,"Riverside-San Bernardino-Ontario, CA",829837,1161644,0.714364297,0.4124339,0.4214157,0.449,0.305,1228962,0.425,0.578,338125,86636576,130922,30777212,,2.567683,3254821,280081,4115871,0.1865873,15.23036,0.0860511,10.91492,0.377582,West,0,0,1,8.933917,0.3099218,0.2193124
40380,Rochester,"Rochester, NY",122764,160649,0.764175314,0.6364003,0.6377531,0.664,0.523,46655,0.54,0.305,30264,2895409,7117,528128,,0.684595,1037831,119598,1034090,0.3021134,13.84903,0.1152384,10.80989,0.0449543,Northeast,0,0,0,1.675868,0.2070849,0.0469668
40900,Sacramento,"Sacramento--Arden-Arcade--Roseville, CA",195479,559974,0.34908585,0.3900621,0.4340109,0.556,0.322,278182,0.403,0.327,134791,34869165,36311,8465541,,2.127059,1796857,147978,2109832,0.2955801,14.56212,0.0823538,10.97644,0.1548159,West,0,0,1,7.440388,0.2114384,0.1864945
41180,St Louis,"St. Louis, MO-IL",371962,587703,0.632908119,0.6961228,0.6984286,0.732,0.657,40437,0.277,0.056,144370,18602065,43037,4515280,,1.353088,2698687,491858,2816710,0.2800839,14.85108,0.1822583,10.85346,0.014984,Midwest,1,0,0,2.72015,0.2621166,0.0901324
41620,Salt Lake City,"Salt Lake City, UT",38236,264636,0.144485255,0.4050616,0.4105689,0.357,0.04,113407,0.412,0.239,72481,12376555,20182,2831852,,1.344252,968858,13689,1115692,0.290278,13.92498,0.014129,10.91625,0.1170522,West,0,0,1,1.932411,0.2583398,0.1439608
41700,San Antonio,"San Antonio, TX",529269,529329,0.999886649,0.4787765,0.4814888,0.509,0.372,863162,0.497,0.694,74068,8593806,20531,1827956,,1.137733,1711703,115468,2031445,0.2387871,14.52426,0.067458,10.7408,0.5042709,South,0,1,0,3.107636,0.2818097,0.1675078
41740,San Diego,"San Diego-Carlsbad-San Marcos, CA",515745,752315,0.685543954,0.4694712,0.5024683,0.535,0.346,750965,0.506,0.543,154297,53573118,35081,10263610,,1.870843,2813833,186679,3001072,0.3322652,14.91448,0.0663433,11.01814,0.2668833,West,0,0,1,6.869879,0.162908,0.091956
41884,San Francisco,"San Francisco-San Mateo-Redwood City, CA Metropolitan Division",123157,430751,0.285912279,0.4694055,0.5382024,0.6,0.432,291563,0.535,0.497,63752,33999042,9077,3981007,,0.5173745,1731183,104572,1770460,0.4790222,14.38675,0.0604049,11.21936,0.1684184,West,0,0,1,4.219801,0.0921908,0.0351293
41940,San Jose,"San Jose-Sunnyvale-Santa Clara, CA",287785,443641,0.648688917,0.4396136,0.4920447,0.399,0.149,428917,0.507,0.57,81019,36767099,15395,5914989,,1.348032,1735819,57387,1819198,0.4315548,14.41391,0.0330605,11.32254,0.2470978,West,0,0,1,3.830823,0.127152,0.0665004
42044,Orange,"Santa Ana-Anaheim-Irvine, CA Metropolitan Division",652840,919792,0.709769165,0.5067937,0.5397937,0.371,0.091,875579,0.551,0.612,135424,56986337,31400,11030896,,1.555286,2846289,59426,3010759,0.3456122,14.9177,0.0208784,11.17886,0.3076213,West,0,0,1,7.615509,0.1595297,0.0655492
42260,Sarasota,"Sarasota-Bradenton-Venice, FL",47621,129704,0.36715136,0.5534245,0.5536633,0.652,0.403,38682,0.473,0.229,43712,10077553,12548,2353118,,1.925988,589959,37387,687823,0.2748268,13.44129,0.0633722,10.78818,0.0655673,South,0,1,0,8.278275,0.2131579,0.2196691
42540,Scranton,"Scranton--Wilkes-Barre, PA",0,106910,0,0.5192174,0.5196049,0.556,0.08,6858,0.396,0.036,20773,1903174,5782,507668,,0.1047195,560625,9723,549150,0.2046416,13.21613,0.0173431,10.61489,0.0122328,Northeast,0,0,0,1.771676,0.2311354,0.0288704
42644,Seattle,"Seattle-Bellevue-Everett, WA Metropolitan Division",0,691580,0,0.36817,0.396038,0.489,0.227,123832,0.302,0.113,161076,41000496,34659,7072313,,0.5464131,2343058,126874,2559174,0.3943214,14.75519,0.0541489,11.06758,0.0528506,West,0,0,1,3.16707,0.1738503,0.1174822
44140,Springfield,"Springfield, MA",76301,162437,0.469726725,0.6420242,0.644226,0.642,0.393,75834,0.641,0.463,27746,3765151,8141,1036368,,0.9444868,680014,45919,687558,0.2854085,13.4409,0.0675265,10.78446,0.1115183,Northeast,0,0,0,3.901538,0.2427696,0.0383807
44700,Stockton,"Stockton, CA",106457,142105,0.749143239,0.3073004,0.3757295,0.526,0.353,172073,0.364,0.508,47112,12654672,16989,4232121,,2.74298,563598,42459,672388,0.1676614,13.41859,0.0753356,10.87563,0.3053116,West,0,0,1,8.513835,0.2886276,0.2108924
45060,Syracuse,"Syracuse, NY",33814,76821,0.4401661,0.6512814,0.6571297,0.692,0.46,13501,0.444,0.128,19565,1769197,4732,360777,,-0.6070849,650154,49386,643794,0.2693331,13.37513,0.0759605,10.76458,0.0207658,Northeast,0,0,0,2.85994,0.2074015,0.0358935
45104,Tacoma,"Tacoma, WA Metropolitan Division",4129,199182,0.020729785,0.3730219,0.3929595,0.454,0.213,38621,0.31,0.112,53819,10291233,16707,2771926,,1.357958,700820,59948,785639,0.2301157,13.57425,0.0855398,10.90485,0.0551083,West,0,0,1,3.932256,0.2729014,0.1384619
45300,Tampa,"Tampa-St. Petersburg-Clearwater, FL",272786,360539,0.756606081,0.5123759,0.515725,0.629,0.472,248642,0.444,0.278,180329,30549936,65162,9378664,,1.942541,2395997,258091,2733761,0.2507587,14.82119,0.1077176,10.7198,0.1037739,South,0,1,0,7.160581,0.2982429,0.1533305
45780,Toledo,"Toledo, OH",65447,151557,0.431830928,0.5859182,0.5872921,0.694,0.556,28660,0.338,0.103,23295,2514502,6455,552928,,1.702505,659188,84069,649104,0.2301733,13.38335,0.1275342,10.73346,0.0434777,Midwest,1,0,0,1.611413,0.2442264,0.0708542
46060,Tucson,"Tucson, AZ",176129,199104,0.884608044,0.4693756,0.4708743,0.379,0.124,247578,0.488,0.532,59745,10059605,16346,2275507,,1.325844,843746,30893,1012018,0.295532,13.82746,0.0366141,10.70068,0.2934272,West,0,0,1,5.12291,0.2230935,0.1602473
46140,Tulsa,"Tulsa, OK",43509,115934,0.375291114,0.51107,0.5139416,0.567,0.456,39534,0.4,0.135,34783,3617574,10821,853350,,1.115238,859532,81169,916079,0.2461373,13.72786,0.0944339,10.68622,0.0459948,South,0,1,0,1.6823,0.2875382,0.0895328
47260,Norfolk,"Virginia Beach-Norfolk-Newport News, VA-NC",231762,278429,0.832391741,0.4396507,0.4440262,0.459,0.547,49014,0.316,0.086,103123,17594394,29247,4317715,,0.1749565,1576370,504847,1658292,0.2655879,14.3213,0.3202592,10.90489,0.031093,South,0,1,0,6.286531,0.2511737,0.1032412
47644,Warren,"Warren-Farmington Hills-Troy, MI Metropolitan Division",140366,440408,0.318718098,0.5791551,0.5837355,0.679,0.452,49711,0.309,0.077,115796,17246765,30129,3915596,,1.797622,2391395,156963,2475181,0.3124897,14.72182,0.0656366,11.03468,0.0207874,Midwest,1,0,0,1.310958,0.2027225,0.1020385
47894,Washington,"Washington-Arlington-Alexandria, DC-VA-MD-WV Metropolitan Division",726393,887643,0.81833913,0.5827891,0.5948893,0.657,0.7,324420,0.477,0.354,308600,80995789,91566,20818126,,1.469147,3727565,1165208,4181729,0.4445497,15.24623,0.3125923,11.28628,0.0870327,South,0,1,0,7.7471,0.2277642,0.1406959
48424,Palm Beach,"West Palm Beach-Boca Raton-Boynton Beach, FL Metropolitan Division",136189,295352,0.461107424,0.5196025,0.5209835,0.647,0.555,140675,0.425,0.296,81668,19888775,27768,5556134,,1.888539,1131184,168585,1265293,0.3035733,14.05081,0.1490341,10.86573,0.1243608,South,0,1,0,9.778423,0.2543023,0.1494472
48620,Wichita,"Wichita, KS",21979,120135,0.182952512,0.4866661,0.498091,0.582,0.415,41282,0.425,0.248,24771,2337315,6001,450879,,0.201381,571166,47218,603716,0.253839,13.31086,0.0826695,10.75357,0.0722767,Midwest,1,0,0,1.469043,0.2459775,0.0939916
48864,Wilmington,"Wilmington, DE-MD-NJ Metropolitan Division",67804,109606,0.618615769,0.5063422,0.5077551,0.527,0.469,30097,0.448,0.205,37734,5877431,10186,1460823,,0.2998057,650501,118712,695708,0.2827015,13.45269,0.1824932,11.01914,0.0462674,South,0,1,0,4.349215,0.2252314,0.085848
49340,Worcester,"Worcester, MA",21794,97905,0.222603544,0.5353269,0.5422761,0.503,0.125,50864,0.559,0.26,37930,6543608,10068,1711386,,1.215417,750963,24381,783806,0.3124865,13.57192,0.0324663,11.01385,0.0677317,Northeast,0,0,0,4.004787,0.2051939,0.0777648
